{
  "name": "Christmas",
  "id": "christmas-modpack",
  "description": "Christmas-themed pack",
  "image_directory": "christmas.png",
  "version": "1.0.2",
  "overrides": "overrides",
  "minecraft": {
    "version": "1.19.2",
    "loader": {
      "type": "fabric",
      "version": "0.16.14"
    }
  },
  "mods": [
    {
      "name": "Rex's Additional Structures",
      "id": "additional-structures",
      "version": "1.19.2",
      "filename": "additional-structures.jar",
      "download": {
        "type": "modrinth",
        "url": "https://modrinth.com/mod/additional-structures?version=1.19.2",
        "hash": {}
      },
      "required": true,
      "side": "both"
    },
    {
      "name": "Another Furniture",
      "id": "another-furniture",
      "version": "1.19.2",
      "filename": "another-furniture.jar",
      "download": {
        "type": "modrinth",
        "url": "https://modrinth.com/mod/another-furniture?version=1.19.2",
        "hash": {}
      },
      "required": true,
      "side": "both"
    },
    {
      "name": "Architectury API",
      "id": "architectury-api",
      "version": "1.19.2",
      "filename": "architectury.jar",
      "download": {
        "type": "modrinth",
        "url": "https://modrinth.com/mod/architectury-api?version=1.19.2",
        "hash": {}
      },
      "required": true,
      "side": "both"
    },
    {
      "name": "Better Third Person",
      "id": "better-third-person",
      "version": "1.19.2",
      "filename": "better-third-person.jar",
      "download": {
        "type": "modrinth",
        "url": "https://modrinth.com/mod/better-third-person?version=1.19.2",
        "hash": {}
      },
      "required": true,
      "side": "client"
    },
    {
      "name": "ChoiceTheorem's Overhauled Village",
      "id": "ct-overhaul-village",
      "version": "1.19.2",
      "filename": "ctov.jar",
      "download": {
        "type": "modrinth",
        "url": "https://modrinth.com/mod/ct-overhaul-village?version=1.19.2",
        "hash": {}
      },
      "required": true,
      "side": "both"
    },
    {
      "name": "AutoTag",
      "id": "autotag",
      "version": "1.19",
      "filename": "autotag-2.0.0+1.19.jar",
      "download": {
        "type": "modrinth",
        "url": "https://modrinth.com/mod/autotag/version/2.0.0+1.19",
        "hash": {}
      },
      "required": true,
      "side": "both"
    },
    {
      "name": "Cloth Config API",
      "id": "cloth-config",
      "version": "1.19.2",
      "filename": "cloth-config.jar",
      "download": {
        "type": "modrinth",
        "url": "https://modrinth.com/mod/cloth-config?version=1.19.2",
        "hash": {}
      },
      "required": true,
      "side": "both"
    },
    {
      "name": "Collective",
      "id": "collective",
      "version": "1.19.2",
      "filename": "collective.jar",
      "download": {
        "type": "modrinth",
        "url": "https://modrinth.com/mod/collective?version=1.19.2",
        "hash": {}
      },
      "required": true,
      "side": "both"
    },
    {
      "name": "Customizable Player Models",
      "id": "custom-player-models",
      "version": "1.19.2",
      "filename": "cpm.jar",
      "download": {
        "type": "modrinth",
        "url": "https://modrinth.com/plugin/custom-player-models?version=1.19.2",
        "hash": {}
      },
      "required": true,
      "side": "both"
    },
    {
      "name": "Dehydration",
      "id": "dehydration",
      "version": "1.19.2",
      "filename": "dehydration.jar",
      "download": {
        "type": "modrinth",
        "url": "https://modrinth.com/mod/dehydration?version=1.19.2",
        "hash": {}
      },
      "required": true,
      "side": "both"
    },
    {
      "name": "EnvironmentZ",
      "id": "environmentz",
      "version": "1.19.2",
      "filename": "environmentz.jar",
      "download": {
        "type": "modrinth",
        "url": "https://modrinth.com/mod/environmentz?version=1.19.2",
        "hash": {}
      },
      "required": true,
      "side": "both"
    },
    {
      "name": "Fabric API",
      "id": "fabric-api",
      "version": "1.19.2",
      "filename": "fabric-api.jar",
      "download": {
        "type": "modrinth",
        "url": "https://modrinth.com/mod/fabric-api?version=1.19.2",
        "hash": {}
      },
      "required": true,
      "side": "both"
    },
    {
      "name": "Friends&Foes",
      "id": "friends-and-foes",
      "version": "1.19.2",
      "filename": "friends-and-foes.jar",
      "download": {
        "type": "modrinth",
        "url": "https://modrinth.com/mod/friends-and-foes?version=1.19.2",
        "hash": {}
      },
      "required": true,
      "side": "both"
    },
    {
      "name": "Head In The Clouds",
      "id": "head-in-the-clouds",
      "version": "1.19.2",
      "filename": "head-in-the-clouds.jar",
      "download": {
        "type": "modrinth",
        "url": "https://modrinth.com/mod/head-in-the-clouds?version=1.19.2",
        "hash": {}
      },
      "required": true,
      "side": "client"
    },
    {
      "name": "Iris Shaders",
      "id": "iris",
      "version": "1.19.2",
      "filename": "iris.jar",
      "download": {
        "type": "modrinth",
        "url": "https://modrinth.com/mod/iris?version=1.19.2",
        "hash": {}
      },
      "required": true,
      "side": "client"
    },
    {
      "name": "Kiwi",
      "id": "kiwi",
      "version": "1.19.2",
      "filename": "kiwi.jar",
      "download": {
        "type": "modrinth",
        "url": "https://modrinth.com/mod/kiwi?version=1.19.2",
        "hash": {}
      },
      "required": true,
      "side": "both"
    },
    {
      "name": "MidnightLib",
      "id": "midnightlib",
      "version": "1.19.2",
      "filename": "midnightlib.jar",
      "download": {
        "type": "modrinth",
        "url": "https://modrinth.com/mod/midnightlib?version=1.19.2",
        "hash": {}
      },
      "required": true,
      "side": "both"
    },
    {
      "name": "Mod Menu",
      "id": "modmenu",
      "version": "1.19.2",
      "filename": "modmenu.jar",
      "download": {
        "type": "modrinth",
        "url": "https://modrinth.com/mod/modmenu?version=1.19.2",
        "hash": {}
      },
      "required": true,
      "side": "client"
    },
    {
      "name": "Moonlight Lib",
      "id": "moonlight",
      "version": "1.19.2",
      "filename": "moonlight.jar",
      "download": {
        "type": "modrinth",
        "url": "https://modrinth.com/mod/moonlight?version=1.19.2",
        "hash": {}
      },
      "required": true,
      "side": "both"
    },
    {
      "name": "Philip's Ruins",
      "id": "philips-ruins",
      "version": "1.19.2",
      "filename": "philips-ruins.jar",
      "download": {
        "type": "modrinth",
        "url": "https://modrinth.com/mod/philips-ruins?version=1.19.2",
        "hash": {}
      },
      "required": true,
      "side": "both"
    },
    {
      "name": "Physics Mod",
      "id": "physicsmod",
      "version": "1.19.2",
      "filename": "physics-mod.jar",
      "download": {
        "type": "modrinth",
        "url": "https://modrinth.com/mod/physicsmod?version=1.19.2",
        "hash": {}
      },
      "required": true,
      "side": "client"
    },
    {
      "name": "Presence Footsteps",
      "id": "presence-footsteps",
      "version": "1.19.2",
      "filename": "presence-footsteps.jar",
      "download": {
        "type": "modrinth",
        "url": "https://modrinth.com/mod/presence-footsteps?version=1.19.2",
        "hash": {}
      },
      "required": true,
      "side": "client"
    },
    {
      "name": "Primal Winter",
      "id": "primal-winter",
      "version": "1.19.2",
      "filename": "primal-winter.jar",
      "download": {
        "type": "modrinth",
        "url": "https://modrinth.com/mod/primal-winter?version=1.19.2",
        "hash": {}
      },
      "required": true,
      "side": "both"
    },
    {
      "name": "Rare Ice",
      "id": "rare-ice",
      "version": "1.19.2",
      "filename": "rare-ice.jar",
      "download": {
        "type": "modrinth",
        "url": "https://modrinth.com/mod/rare-ice?version=1.19.2",
        "hash": {}
      },
      "required": true,
      "side": "both"
    },
    {
      "name": "Roughly Enough Items (REI)",
      "id": "rei",
      "version": "1.19.2",
      "filename": "rei.jar",
      "download": {
        "type": "modrinth",
        "url": "https://modrinth.com/mod/rei?version=1.19.2",
        "hash": {}
      },
      "required": true,
      "side": "client"
    },
    {
      "name": "Simple Voice Chat",
      "id": "simple-voice-chat",
      "version": "1.19.2",
      "filename": "voicechat.jar",
      "download": {
        "type": "modrinth",
        "url": "https://modrinth.com/plugin/simple-voice-chat?version=1.19.2",
        "hash": {}
      },
      "required": true,
      "side": "both"
    },
    {
      "name": "Snow! Real Magic!",
      "id": "snow-real-magic",
      "version": "1.19.2",
      "filename": "snow-real-magic.jar",
      "download": {
        "type": "modrinth",
        "url": "https://modrinth.com/mod/snow-real-magic?version=1.19.2",
        "hash": {}
      },
      "required": true,
      "side": "both"
    },
    {
      "name": "Snowballs Freeze Mobs",
      "id": "snowballs-freeze-mobs",
      "version": "1.19.2",
      "filename": "snowballs-freeze-mobs.jar",
      "download": {
        "type": "modrinth",
        "url": "https://modrinth.com/mod/snowballs-freeze-mobs?version=1.19.2",
        "hash": {}
      },
      "required": true,
      "side": "both"
    },
    {
      "name": "snowy-spirit",
      "id": "snowy-spirit",
      "version": "1.19.2",
      "filename": "snowy-spirit.jar",
      "download": {
        "type": "modrinth",
        "url": "https://modrinth.com/mod/snowy-spirit?version=1.19.2",
        "hash": {}
      },
      "required": true,
      "side": "both"
    },
    {
      "name": "Sodium",
      "id": "sodium",
      "version": "1.19.2",
      "filename": "sodium.jar",
      "download": {
        "type": "modrinth",
        "url": "https://modrinth.com/mod/sodium?version=1.19.2",
        "hash": {}
      },
      "required": true,
      "side": "client"
    },
    {
      "name": "Sound Physics Remastered",
      "id": "sound-physics-remastered",
      "version": "1.19.2",
      "filename": "sound-physics-remastered.jar",
      "download": {
        "type": "modrinth",
        "url": "https://modrinth.com/mod/sound-physics-remastered?version=1.19.2",
        "hash": {}
      },
      "required": true,
      "side": "client"
    },
    {
      "name": "Spawn Animations",
      "id": "spawn-animations",
      "version": "1.19.2",
      "filename": "spawn-animations.jar",
      "download": {
        "type": "modrinth",
        "url": "https://modrinth.com/mod/spawn-animations?version=1.19.2",
        "hash": {}
      },
      "required": true,
      "side": "client"
    },
    {
      "name": "StepUp",
      "id": "stepup",
      "version": "1.19.2",
      "filename": "stepup.jar",
      "download": {
        "type": "modrinth",
        "url": "https://modrinth.com/mod/stepup?version=1.19.2",
        "hash": {}
      },
      "required": true,
      "side": "client"
    },
    {
      "name": "Tectonic",
      "id": "tectonic",
      "version": "1.19.2",
      "filename": "tectonic.jar",
      "download": {
        "type": "modrinth",
        "url": "https://modrinth.com/mod/tectonic?version=1.19.2",
        "hash": {}
      },
      "required": true,
      "side": "both"
    },
    {
      "name": "YetAnotherConfigLib (YACL)",
      "id": "yacl",
      "version": "1.19.2",
      "filename": "yacl.jar",
      "download": {
        "type": "modrinth",
        "url": "https://modrinth.com/mod/yacl?version=1.19.2",
        "hash": {}
      },
      "required": true,
      "side": "both"
    },
    {
      "name": "YetAnotherConfigLib (YACL)",
      "id": "yacl",
      "version": "1.19.2",
      "filename": "yacl.jar",
      "download": {
        "type": "modrinth",
        "url": "https://modrinth.com/mod/yacl?version=1.19.2",
        "hash": {}
      },
      "required": true,
      "side": "both"
    },
    {
      "name": "Indium",
      "id": "indium",
      "version": "1.19.2",
      "filename": "indium.jar",
      "download": {
        "type": "modrinth",
        "url": "https://modrinth.com/mod/indium/versions?version=1.19.2&loader=fabric",
        "hash": {}
      },
      "required": true,
      "side": "client"
    },
    {
      "name": "WorldHost",
      "id": "world-host",
      "version": "1.19.2",
      "filename": "worldhost.jar",
      "download": {
        "type": "modrinth",
        "url": "https://modrinth.com/mod/world-host/version/0.5.0+1.19.2-fabric?version=1.19.2&loader=fabric",
        "hash": {}
      },
      "required": true,
      "side": "both"
    },
    {
      "name": "C2ME",
      "id": "c2me-fabric",
      "version": "1.19.2",
      "filename": "advancement-plaques.jar",
      "download": {
        "type": "modrinth",
        "url": "https://modrinth.com/mod/c2me-fabric?version=1.19.2",
        "hash": {}
      }
    },
    {
      "name": "Camera Overhaul",
      "id": "cameraoverhaul",
      "version": "1.19.2",
      "filename": "CameraOverhaul-v2.0.5-fabric+mc[1.19.0-1.19.2].jar",
      "download": {
        "type": "modrinth",
        "url": "https://modrinth.com/mod/cameraoverhaul/versions?version=1.19.2&loader=fabric",
        "hash": {}
      }
    },
    {
      "name": "Forge Config API Port",
      "id": "forge-config-api-port",
      "version": "1.19.2",
      "filename": "forge-config-api-port.jar",
      "download": {
        "type": "modrinth",
        "url": "https://modrinth.com/mod/forge-config-api-port/versions?version=1.19.2&loader=fabric#download",
        "hash": {}
      }
    },
    {
      "name": "Iceberg",
      "id": "iceberg",
      "version": "1.19.2",
      "filename": "iceberg.jar",
      "download": {
        "type": "modrinth",
        "url": "https://modrinth.com/mod/iceberg?version=1.19.2&loader=fabric",
        "hash": {}
      }
    },
    {
      "name": "Iceberg",
      "id": "iceberg",
      "version": "1.19.2",
      "filename": "iceberg.jar",
      "download": {
        "type": "modrinth",
        "url": "https://modrinth.com/mod/iceberg?version=1.19.2&loader=fabric",
        "hash": {}
      }
    },
    {
      "name": "Resourceful Lib",
      "id": "resourceful-lib",
      "version": "1.19.2",
      "filename": "resourceful-lib.jar",
      "download": {
        "type": "modrinth",
        "url": "https://modrinth.com/mod/resourceful-lib/versions?version=1.19.2&loader=fabric",
        "hash": {}
      }
    },
    {
      "name": "Continuity",
      "id": "continuity",
      "version": "1.19.2",
      "filename": "continuity.jar",
      "download": {
        "type": "modrinth",
        "url": "https://modrinth.com/mod/continuity/versions?version=1.19.2&loader=fabric#download",
        "hash": {}
      }
    },
    {
      "name": "Diagonal Fences",
      "id": "diagonal-fences",
      "version": "1.19.2",
      "filename": "diagonal-fences.jar",
      "download": {
        "type": "modrinth",
        "url": "https://modrinth.com/mod/diagonal-fences?version=1.19.2&loader=fabric#download",
        "hash": {}
      }
    },
    {
      "name": "Puzzles Lib",
      "id": "puzzles-lib",
      "version": "1.19.2",
      "filename": "puzzles-lib.jar",
      "download": {
        "type": "modrinth",
        "url": "https://modrinth.com/mod/puzzles-lib?version=1.19.2&loader=fabric",
        "hash": {}
      }
    },
    {
      "name": "Dungeons and Taverns",
      "id": "dungeons-and-taverns",
      "version": "1.19.2",
      "filename": "dungeons-and-taverns.jar",
      "download": {
        "type": "modrinth",
        "url": "https://modrinth.com/datapack/dungeons-and-taverns?version=1.19.2&loader=fabric#download",
        "hash": {}
      }
    },
    {
      "name": "Eating Animation",
      "id": "eating-animation",
      "version": "1.19.2",
      "filename": "eating-animation.jar",
      "download": {
        "type": "modrinth",
        "url": "https://modrinth.com/mod/eating-animation?version=1.19.2#download",
        "hash": {}
      }
    },
    {
      "name": "Eldritch Mobs",
      "id": "eldritch-mobs",
      "version": "1.19.2",
      "filename": "eldritch-mobs.jar",
      "download": {
        "type": "modrinth",
        "url": "https://modrinth.com/mod/eldritch-mobs?version=1.19.2&loader=fabric#download",
        "hash": {}
      }
    },
    {
      "name": "Auditory",
      "id": "auditory",
      "version": "1.19.2",
      "filename": "auditory.jar",
      "download": {
        "type": "modrinth",
        "url": "https://modrinth.com/mod/auditory/versions?version=1.19.2&loader=fabric#download",
        "hash": {}
      }
    }
  ],
  "resourcepacks": [
    {
      "name": "Festive Mash-up",
      "filename": "FestiveMashup.zip",
      "version": "1.20.3",
      "download": {
        "type": "modrinth",
        "url": "https://modrinth.com/resourcepack/festive-mash-up?version=1.20.3",
        "hash": {}
      }
    },
    {
      "name": "JustTimm's Vanilla Additions - Winter Edition (+ Xmas Add-On)",
      "filename": "Winter.zip",
      "version": "1.20",
      "download": {
        "type": "modrinth",
        "url": "https://modrinth.com/resourcepack/justtimms-vanilla-additions-winter-edition?version=1.20",
        "hash": {}
      }
    }
  ],
  "shaderpacks": [
    {
      "name": "Rethinking Voxels",
      "version": "1.19.2",
      "filename": "rethinking_voxels.zip",
      "download": {
        "type": "modrinth",
        "url": "https://modrinth.com/shader/rethinking-voxels?version=1.19.2&loader=iris",
        "hash": {}
      }
    },
    {
      "name": "Complementary Reimagined",
      "version": "1.19.2",
      "filename": "complementary_reimagined.zip",
      "download": {
        "type": "modrinth",
        "url": "https://modrinth.com/shader/complementary-reimagined/versions?version=1.19.2&loader=iris",
        "hash": {}
      }
    }
  ]
}
