{"stats":{"minecraft:mined":{"snowrealmagic:slab":2,"minecraft:oak_trapdoor":2,"minecraft:snow":10,"minecraft:snow_block":6,"minecraft:oak_fence":10,"minecraft:grass_block":2,"snowrealmagic:stairs":2,"minecraft:oak_stairs":2,"primalwinter:snowy_oak_log":6,"minecraft:dirt":51,"primalwinter:snowy_dirt":11},"minecraft:used":{"snowyspirit:gingerbread_cookie":1,"minecraft:cooked_chicken":2,"minecraft:magma_block":1,"minecraft:snow":5,"minecraft:ice":2,"minecraft:snowball":17,"snowyspirit:sled_mangrove":2,"minecraft:fern":1},"minecraft:custom":{"minecraft:time_since_rest":292,"minecraft:sprint_one_cm":47903,"minecraft:damage_taken":130,"minecraft:walk_one_cm":16623,"minecraft:drop":8,"minecraft:damage_dealt":70,"minecraft:swim_one_cm":7399,"minecraft:fly_one_cm":472500,"minecraft:open_chest":6,"minecraft:crouch_one_cm":218,"minecraft:play_time":25711,"minecraft:deaths":1,"minecraft:sneak_time":1107,"minecraft:walk_under_water_one_cm":2595,"minecraft:jump":257,"minecraft:leave_game":3,"minecraft:walk_on_water_one_cm":6803,"minecraft:time_since_death":2291,"minecraft:sleep_in_bed":6,"minecraft:climb_one_cm":934,"minecraft:total_world_time":37382,"minecraft:fall_one_cm":269},"minecraft:dropped":{"minecraft:gravel":1,"minecraft:dirt":3,"primalwinter:snowy_oak_log":1,"minecraft:ice":1,"minecraft:cooked_chicken":2,"minecraft:iron_ore":1,"minecraft:magma_block":1},"minecraft:picked_up":{"minecraft:magma_block":1,"minecraft:oak_fence":1,"minecraft:oak_stairs":1,"minecraft:dirt":3,"minecraft:cooked_chicken":1,"minecraft:snowball":2}},"DataVersion":3120}