{
  "configVersion": 2,
  "enabledByDefault": true,
  "xOffset": 0,
  "sneakXOffset": 0,
  "sitXOffset": 0,
  "renderStuckFeatures": true,
  "vanillaHandsMode": "ALL",
  "dynamicMode": true,
  "vanillaHandsSkipSwimming": true,
  "autoVanillaHands": [
    "create:potato_cannon",
    "create:handheld_worldshaper",
    "twilightforest:filled_ore_map",
    "map_atlases:atlas",
    "twilightforest:filled_magic_map",
    "twilightforest:filled_maze_map",
    "antiqueatlas:antique_atlas",
    "create:extendo_grip"
  ],
  "autoToggleModItems": [
    "exposure:camera"
  ],
  "hiddenLayers": [
    "snownee.kiwi.contributor.client.CosmeticLayer",
    "dev.tr7zw.notenoughanimations.renderlayer.SwordRenderLayer",
    "eu.midnightdust.hats.witch.WitchHatFeatureRenderer",
    "traben.entity_texture_features.features.player.ETFPlayerFeatureRenderer",
    "net.minecraft.class_4506",
    "net.minecraft.class_998",
    "net.minecraft.class_983",
    "net.diebuddies.physics.verlet.PhysicsClothLayer",
    "net.minecraft.class_970",
    "net.minecraft.class_5697",
    "net.minecraft.class_973",
    "net.minecraft.class_978",
    "net.minecraft.class_972",
    "net.minecraft.class_976",
    "net.minecraft.class_979"
  ]
}