{
  "localserver": {
    "options": [
      "mod.stepup.config.dostepup",
      "mod.stepup.config.nostepup",
      "mod.stepup.config.vanillajump"
    ],
    "key": "localserver",
    "toolTip": "mod.stepup.config.tt.onthisserver",
    "value": 0,
    "defaultValue": 0,
    "minValue": 0,
    "maxValue": 2
  },
  "mod.stepup.config.default": {
    "options": [
      "mod.stepup.config.dostepup",
      "mod.stepup.config.nostepup",
      "mod.stepup.config.vanillajump"
    ],
    "key": "Default on new servers",
    "toolTip": "",
    "value": 0,
    "defaultValue": 0,
    "minValue": 0,
    "maxValue": 2
  },
  "Minecraft Server": {
    "options": [
      "mod.stepup.config.dostepup",
      "mod.stepup.config.nostepup",
      "mod.stepup.config.vanillajump"
    ],
    "key": "Minecraft Server",
    "toolTip": "mod.stepup.config.tt.onthisserver",
    "value": 0,
    "defaultValue": 0,
    "minValue": 0,
    "maxValue": 0
  },
  "christmas-minecraft.ddns.net": {
    "options": [
      "mod.stepup.config.dostepup",
      "mod.stepup.config.nostepup",
      "mod.stepup.config.vanillajump"
    ],
    "key": "christmas-minecraft.ddns.net",
    "toolTip": "mod.stepup.config.tt.onthisserver",
    "value": 0,
    "defaultValue": 0,
    "minValue": 0,
    "maxValue": 2
  },
  "Christmas Minecraft Server": {
    "options": [
      "mod.stepup.config.dostepup",
      "mod.stepup.config.nostepup",
      "mod.stepup.config.vanillajump"
    ],
    "key": "Christmas Minecraft Server",
    "toolTip": "mod.stepup.config.tt.onthisserver",
    "value": 0,
    "defaultValue": 0,
    "minValue": 0,
    "maxValue": 0
  }
}